local_time,event,finalize_reason,segment_id,run_id,series_active,series_leg_start_node,series_leg_goal_node,edge_from,edge_to,timestamp_start,timestamp_end,sample_count,actual_time_s,GNN_pred_time_s,delay_s,actual_energy_J,GNN_pred_energy_J,extra_energy_J,mean_speed,std_speed,mean_signed_speed_xy,mean_power_W,peak_power_W,mean_current_mA,std_current_mA,operator_distance_min_m,operator_inside_radius,sim_conflict_count_max,conflict_label,brake_event,stop_ratio,stop_duration_s,reverse_motion_any,reverse_motion_ratio,scanner_violation_any,start_x,start_y,end_x,end_y,cost_source,trajectory_source,planner,astar_w,alpha_time,alpha_energy
2026-05-19 16:08:36,dynamic_edge_traversal,target_reached,107,,False,,,29,5,1779199716.934635,1779199716.934635,1,0.0,7.617432117462158,-7.617432117462158,0.0,2142.264892578125,-2142.264892578125,0.0,0.0,0.0,239.0,239.0,,,inf,False,0.0,False,False,1.0,0.0,False,0.0,False,-4.536039352416992,1.452277660369873,-4.536039352416992,1.452277660369873,runtime_gnn_pt:edge_cost_model.pt,temporal_model_ACTIVE_plus_geom:temporal_physics_delta_ts.pt,weighted_astar,1.2,0.7,0.30000000000000004
2026-05-19 16:08:38,dynamic_edge_traversal,target_reached,108,,False,,,29,5,1779199718.583328,1779199718.583328,1,0.0,7.617432117462158,-7.617432117462158,0.0,2142.264892578125,-2142.264892578125,0.0,0.0,0.0,237.0,237.0,,,inf,False,0.0,False,False,1.0,0.0,False,0.0,False,-4.536039352416992,1.452277660369873,-4.536039352416992,1.452277660369873,runtime_gnn_pt:edge_cost_model.pt,temporal_model_ACTIVE_plus_geom:temporal_physics_delta_ts.pt,weighted_astar,1.2,0.7,0.30000000000000004
2026-05-19 16:08:40,dynamic_edge_traversal,target_reached,109,,False,,,29,5,1779199720.2150998,1779199720.2150998,1,0.0,7.617432117462158,-7.617432117462158,0.0,2142.264892578125,-2142.264892578125,0.0,0.0,0.0,239.0,239.0,,,inf,False,0.0,False,False,1.0,0.0,False,0.0,False,-4.536039352416992,1.452277660369873,-4.536039352416992,1.452277660369873,runtime_gnn_pt:edge_cost_model.pt,temporal_model_ACTIVE_plus_geom:temporal_physics_delta_ts.pt,weighted_astar,1.2,0.7,0.30000000000000004
2026-05-19 16:08:41,dynamic_edge_traversal,target_reached,110,,False,,,29,5,1779199721.832302,1779199721.832302,1,0.0,7.617432117462158,-7.617432117462158,0.0,2142.264892578125,-2142.264892578125,0.0,0.0,0.0,239.0,239.0,,,inf,False,0.0,False,False,1.0,0.0,False,0.0,False,-4.536039352416992,1.452277660369873,-4.536039352416992,1.452277660369873,runtime_gnn_pt:edge_cost_model.pt,temporal_model_ACTIVE_plus_geom:temporal_physics_delta_ts.pt,weighted_astar,1.2,0.7,0.30000000000000004
2026-05-19 16:08:43,dynamic_edge_traversal,target_reached,111,,False,,,29,5,1779199723.459316,1779199723.459316,1,0.0,7.617432117462158,-7.617432117462158,0.0,2142.264892578125,-2142.264892578125,0.0,0.0,0.0,239.0,239.0,,,inf,False,0.0,False,False,1.0,0.0,False,0.0,False,-4.536039352416992,1.452277660369873,-4.536039352416992,1.452277660369873,runtime_gnn_pt:edge_cost_model.pt,temporal_model_ACTIVE_plus_geom:temporal_physics_delta_ts.pt,weighted_astar,1.2,0.7,0.30000000000000004
2026-05-19 16:08:45,dynamic_edge_traversal,target_reached,112,,False,,,29,5,1779199725.098531,1779199725.098531,1,0.0,7.617432117462158,-7.617432117462158,0.0,2142.264892578125,-2142.264892578125,0.0,0.0,0.0,239.0,239.0,,,inf,False,0.0,False,False,1.0,0.0,False,0.0,False,-4.536039352416992,1.452277660369873,-4.536039352416992,1.452277660369873,runtime_gnn_pt:edge_cost_model.pt,temporal_model_ACTIVE_plus_geom:temporal_physics_delta_ts.pt,weighted_astar,1.2,0.7,0.30000000000000004
2026-05-19 16:08:46,dynamic_edge_traversal,target_reached,113,,False,,,29,5,1779199726.757376,1779199726.757376,1,0.0,7.617432117462158,-7.617432117462158,0.0,2142.264892578125,-2142.264892578125,0.0,0.0,0.0,239.0,239.0,,,inf,False,0.0,False,False,1.0,0.0,False,0.0,False,-4.537339210510254,1.452277660369873,-4.537339210510254,1.452277660369873,runtime_gnn_pt:edge_cost_model.pt,temporal_model_ACTIVE_plus_geom:temporal_physics_delta_ts.pt,weighted_astar,1.2,0.7,0.30000000000000004
2026-05-19 16:08:48,dynamic_edge_traversal,target_reached,114,,False,,,29,5,1779199728.341439,1779199728.341439,1,0.0,7.617432117462158,-7.617432117462158,0.0,2142.264892578125,-2142.264892578125,0.0,0.0,0.0,239.0,239.0,,,inf,False,0.0,False,False,1.0,0.0,False,0.0,False,-4.537339210510254,1.452277660369873,-4.537339210510254,1.452277660369873,runtime_gnn_pt:edge_cost_model.pt,temporal_model_ACTIVE_plus_geom:temporal_physics_delta_ts.pt,weighted_astar,1.2,0.7,0.30000000000000004
2026-05-19 16:08:50,dynamic_edge_traversal,target_reached,115,,False,,,29,5,1779199730.117467,1779199730.117467,1,0.0,7.617432117462158,-7.617432117462158,0.0,2142.264892578125,-2142.264892578125,0.0,0.0,0.0,239.0,239.0,,,inf,False,0.0,False,False,1.0,0.0,False,0.0,False,-4.537339210510254,1.452277660369873,-4.537339210510254,1.452277660369873,runtime_gnn_pt:edge_cost_model.pt,temporal_model_ACTIVE_plus_geom:temporal_physics_delta_ts.pt,weighted_astar,1.2,0.7,0.30000000000000004
2026-05-19 16:08:51,dynamic_edge_traversal,target_reached,116,,False,,,29,5,1779199731.8484259,1779199731.8484259,1,0.0,7.617432117462158,-7.617432117462158,0.0,2142.264892578125,-2142.264892578125,0.0,0.0,0.0,238.0,238.0,,,inf,False,0.0,False,False,1.0,0.0,False,0.0,False,-4.537339210510254,1.452277660369873,-4.537339210510254,1.452277660369873,runtime_gnn_pt:edge_cost_model.pt,temporal_model_ACTIVE_plus_geom:temporal_physics_delta_ts.pt,weighted_astar,1.2,0.7,0.30000000000000004
2026-05-19 16:08:53,dynamic_edge_traversal,target_reached,117,,False,,,29,5,1779199733.4778671,1779199733.4778671,1,0.0,7.617432117462158,-7.617432117462158,0.0,2142.264892578125,-2142.264892578125,0.0,0.0,0.0,239.0,239.0,,,inf,False,0.0,False,False,1.0,0.0,False,0.0,False,-4.5347394943237305,1.452277660369873,-4.5347394943237305,1.452277660369873,runtime_gnn_pt:edge_cost_model.pt,temporal_model_ACTIVE_plus_geom:temporal_physics_delta_ts.pt,weighted_astar,1.2,0.7,0.30000000000000004
2026-05-19 16:08:55,dynamic_edge_traversal,target_reached,118,,False,,,29,5,1779199735.239882,1779199735.239882,1,0.0,7.617432117462158,-7.617432117462158,0.0,2142.264892578125,-2142.264892578125,0.0,0.0,0.0,239.0,239.0,,,inf,False,0.0,False,False,1.0,0.0,False,0.0,False,-4.5347394943237305,1.452277660369873,-4.5347394943237305,1.452277660369873,runtime_gnn_pt:edge_cost_model.pt,temporal_model_ACTIVE_plus_geom:temporal_physics_delta_ts.pt,weighted_astar,1.2,0.7,0.30000000000000004
2026-05-19 16:08:57,dynamic_edge_traversal,target_reached,119,,False,,,29,5,1779199737.4577951,1779199737.4577951,1,0.0,7.617432117462158,-7.617432117462158,0.0,2142.264892578125,-2142.264892578125,0.0,0.0,0.0,239.0,239.0,,,inf,False,0.0,False,False,1.0,0.0,False,0.0,False,-4.537339210510254,1.452277660369873,-4.537339210510254,1.452277660369873,runtime_gnn_pt:edge_cost_model.pt,temporal_model_ACTIVE_plus_geom:temporal_physics_delta_ts.pt,weighted_astar,1.2,0.7,0.30000000000000004
2026-05-19 16:08:59,dynamic_edge_traversal,target_reached,120,,False,,,29,5,1779199739.089493,1779199739.089493,1,0.0,7.617432117462158,-7.617432117462158,0.0,2142.264892578125,-2142.264892578125,0.0,0.0,0.0,238.0,238.0,,,inf,False,0.0,False,False,1.0,0.0,False,0.0,False,-4.537339210510254,1.452277660369873,-4.537339210510254,1.452277660369873,runtime_gnn_pt:edge_cost_model.pt,temporal_model_ACTIVE_plus_geom:temporal_physics_delta_ts.pt,weighted_astar,1.2,0.7,0.30000000000000004
2026-05-19 16:09:00,dynamic_edge_traversal,target_reached,121,,False,,,29,5,1779199740.725205,1779199740.725205,1,0.0,7.617432117462158,-7.617432117462158,0.0,2142.264892578125,-2142.264892578125,0.0,0.0,0.0,239.0,239.0,,,inf,False,0.0,False,False,1.0,0.0,False,0.0,False,-4.537339210510254,1.452277660369873,-4.537339210510254,1.452277660369873,runtime_gnn_pt:edge_cost_model.pt,temporal_model_ACTIVE_plus_geom:temporal_physics_delta_ts.pt,weighted_astar,1.2,0.7,0.30000000000000004
2026-05-19 16:09:02,dynamic_edge_traversal,target_reached,122,,False,,,29,5,1779199742.353873,1779199742.353873,1,0.0,7.617432117462158,-7.617432117462158,0.0,2142.264892578125,-2142.264892578125,0.0,0.0,0.0,239.0,239.0,,,inf,False,0.0,False,False,1.0,0.0,False,0.0,False,-4.537339210510254,1.452277660369873,-4.537339210510254,1.452277660369873,runtime_gnn_pt:edge_cost_model.pt,temporal_model_ACTIVE_plus_geom:temporal_physics_delta_ts.pt,weighted_astar,1.2,0.7,0.30000000000000004
2026-05-19 16:09:04,dynamic_edge_traversal,target_reached,123,,False,,,29,5,1779199744.054452,1779199744.054452,1,0.0,7.617432117462158,-7.617432117462158,0.0,2142.264892578125,-2142.264892578125,0.0,0.0,0.0,239.0,239.0,,,inf,False,0.0,False,False,1.0,0.0,False,0.0,False,-4.537339210510254,1.452277660369873,-4.537339210510254,1.452277660369873,runtime_gnn_pt:edge_cost_model.pt,temporal_model_ACTIVE_plus_geom:temporal_physics_delta_ts.pt,weighted_astar,1.2,0.7,0.30000000000000004
2026-05-19 16:09:05,dynamic_edge_traversal,target_reached,124,,False,,,29,5,1779199745.6953568,1779199745.6953568,1,0.0,7.617432117462158,-7.617432117462158,0.0,2142.264892578125,-2142.264892578125,0.0,0.0,0.0,239.0,239.0,,,inf,False,0.0,False,False,1.0,0.0,False,0.0,False,-4.537339210510254,1.452277660369873,-4.537339210510254,1.452277660369873,runtime_gnn_pt:edge_cost_model.pt,temporal_model_ACTIVE_plus_geom:temporal_physics_delta_ts.pt,weighted_astar,1.2,0.7,0.30000000000000004
2026-05-19 16:09:07,dynamic_edge_traversal,target_reached,125,,False,,,29,5,1779199747.336758,1779199747.336758,1,0.0,7.617432117462158,-7.617432117462158,0.0,2142.264892578125,-2142.264892578125,0.0,0.0,0.0,239.0,239.0,,,inf,False,0.0,False,False,1.0,0.0,False,0.0,False,-4.537339210510254,1.452277660369873,-4.537339210510254,1.452277660369873,runtime_gnn_pt:edge_cost_model.pt,temporal_model_ACTIVE_plus_geom:temporal_physics_delta_ts.pt,weighted_astar,1.2,0.7,0.30000000000000004
2026-05-19 16:09:08,dynamic_edge_traversal,target_reached,126,,False,,,29,5,1779199748.9222422,1779199748.9222422,1,0.0,7.617432117462158,-7.617432117462158,0.0,2142.264892578125,-2142.264892578125,0.0,0.0,0.0,239.0,239.0,,,inf,False,0.0,False,False,1.0,0.0,False,0.0,False,-4.537339210510254,1.452277660369873,-4.537339210510254,1.452277660369873,runtime_gnn_pt:edge_cost_model.pt,temporal_model_ACTIVE_plus_geom:temporal_physics_delta_ts.pt,weighted_astar,1.2,0.7,0.30000000000000004
2026-05-19 16:09:10,dynamic_edge_traversal,target_reached,127,,False,,,29,5,1779199750.549309,1779199750.549309,1,0.0,7.617432117462158,-7.617432117462158,0.0,2142.264892578125,-2142.264892578125,0.0,0.0,0.0,239.0,239.0,,,inf,False,0.0,False,False,1.0,0.0,False,0.0,False,-4.537339210510254,1.452277660369873,-4.537339210510254,1.452277660369873,runtime_gnn_pt:edge_cost_model.pt,temporal_model_ACTIVE_plus_geom:temporal_physics_delta_ts.pt,weighted_astar,1.2,0.7,0.30000000000000004
2026-05-19 16:09:12,dynamic_edge_traversal,target_reached,128,,False,,,29,5,1779199752.1678112,1779199752.1678112,1,0.0,7.617432117462158,-7.617432117462158,0.0,2142.264892578125,-2142.264892578125,0.0,0.0,0.0,239.0,239.0,,,inf,False,0.0,False,False,1.0,0.0,False,0.0,False,-4.536039352416992,1.452277660369873,-4.536039352416992,1.452277660369873,runtime_gnn_pt:edge_cost_model.pt,temporal_model_ACTIVE_plus_geom:temporal_physics_delta_ts.pt,weighted_astar,1.2,0.7,0.30000000000000004
2026-05-19 16:09:13,dynamic_edge_traversal,target_reached,129,,False,,,29,5,1779199753.760181,1779199753.760181,1,0.0,7.617432117462158,-7.617432117462158,0.0,2142.264892578125,-2142.264892578125,0.0,0.0,0.0,238.0,238.0,,,inf,False,0.0,False,False,1.0,0.0,False,0.0,False,-4.536039352416992,1.452277660369873,-4.536039352416992,1.452277660369873,runtime_gnn_pt:edge_cost_model.pt,temporal_model_ACTIVE_plus_geom:temporal_physics_delta_ts.pt,weighted_astar,1.2,0.7,0.30000000000000004
2026-05-19 16:09:15,dynamic_edge_traversal,target_reached,130,,False,,,29,5,1779199755.407215,1779199755.407215,1,0.0,7.617432117462158,-7.617432117462158,0.0,2142.264892578125,-2142.264892578125,0.0,0.0,0.0,239.0,239.0,,,inf,False,0.0,False,False,1.0,0.0,False,0.0,False,-4.536039352416992,1.452277660369873,-4.536039352416992,1.452277660369873,runtime_gnn_pt:edge_cost_model.pt,temporal_model_ACTIVE_plus_geom:temporal_physics_delta_ts.pt,weighted_astar,1.2,0.7,0.30000000000000004
2026-05-19 16:09:17,dynamic_edge_traversal,target_reached,131,,False,,,29,5,1779199757.0233128,1779199757.0233128,1,0.0,7.617432117462158,-7.617432117462158,0.0,2142.264892578125,-2142.264892578125,0.0,0.0,0.0,239.0,239.0,,,inf,False,0.0,False,False,1.0,0.0,False,0.0,False,-4.536039352416992,1.452277660369873,-4.536039352416992,1.452277660369873,runtime_gnn_pt:edge_cost_model.pt,temporal_model_ACTIVE_plus_geom:temporal_physics_delta_ts.pt,weighted_astar,1.2,0.7,0.30000000000000004
2026-05-19 16:09:18,dynamic_edge_traversal,target_reached,132,,False,,,29,5,1779199758.668582,1779199758.668582,1,0.0,7.617432117462158,-7.617432117462158,0.0,2142.264892578125,-2142.264892578125,0.0,0.0,0.0,238.0,238.0,,,inf,False,0.0,False,False,1.0,0.0,False,0.0,False,-4.5347394943237305,1.452277660369873,-4.5347394943237305,1.452277660369873,runtime_gnn_pt:edge_cost_model.pt,temporal_model_ACTIVE_plus_geom:temporal_physics_delta_ts.pt,weighted_astar,1.2,0.7,0.30000000000000004
2026-05-19 16:09:20,dynamic_edge_traversal,target_reached,133,,False,,,29,5,1779199760.264605,1779199760.264605,1,0.0,7.617432117462158,-7.617432117462158,0.0,2142.264892578125,-2142.264892578125,0.0,0.0,0.0,238.0,238.0,,,inf,False,0.0,False,False,1.0,0.0,False,0.0,False,-4.5347394943237305,1.4496777057647705,-4.5347394943237305,1.4496777057647705,runtime_gnn_pt:edge_cost_model.pt,temporal_model_ACTIVE_plus_geom:temporal_physics_delta_ts.pt,weighted_astar,1.2,0.7,0.30000000000000004
2026-05-19 16:09:21,dynamic_edge_traversal,target_reached,134,,False,,,29,5,1779199761.907321,1779199761.907321,1,0.0,7.617432117462158,-7.617432117462158,0.0,2142.264892578125,-2142.264892578125,0.0,0.0,0.0,238.0,238.0,,,inf,False,0.0,False,False,1.0,0.0,False,0.0,False,-4.5347394943237305,1.4496777057647705,-4.5347394943237305,1.4496777057647705,runtime_gnn_pt:edge_cost_model.pt,temporal_model_ACTIVE_plus_geom:temporal_physics_delta_ts.pt,weighted_astar,1.2,0.7,0.30000000000000004
2026-05-19 16:09:23,dynamic_edge_traversal,target_reached,135,,False,,,29,5,1779199763.4987142,1779199763.4987142,1,0.0,7.617432117462158,-7.617432117462158,0.0,2142.264892578125,-2142.264892578125,0.0,0.0,0.0,239.0,239.0,,,inf,False,0.0,False,False,1.0,0.0,False,0.0,False,-4.5347394943237305,1.452277660369873,-4.5347394943237305,1.452277660369873,runtime_gnn_pt:edge_cost_model.pt,temporal_model_ACTIVE_plus_geom:temporal_physics_delta_ts.pt,weighted_astar,1.2,0.7,0.30000000000000004
2026-05-19 16:09:25,dynamic_edge_traversal,target_reached,136,,False,,,29,5,1779199765.20669,1779199765.20669,1,0.0,7.617432117462158,-7.617432117462158,0.0,2142.264892578125,-2142.264892578125,0.0,0.0,0.0,238.0,238.0,,,inf,False,0.0,False,False,1.0,0.0,False,0.0,False,-4.5347394943237305,1.452277660369873,-4.5347394943237305,1.452277660369873,runtime_gnn_pt:edge_cost_model.pt,temporal_model_ACTIVE_plus_geom:temporal_physics_delta_ts.pt,weighted_astar,1.2,0.7,0.30000000000000004
2026-05-19 16:09:26,dynamic_edge_traversal,target_reached,137,,False,,,29,5,1779199766.818777,1779199766.818777,1,0.0,7.617432117462158,-7.617432117462158,0.0,2142.264892578125,-2142.264892578125,0.0,0.0,0.0,239.0,239.0,,,inf,False,0.0,False,False,1.0,0.0,False,0.0,False,-4.5347394943237305,1.4509776830673218,-4.5347394943237305,1.4509776830673218,runtime_gnn_pt:edge_cost_model.pt,temporal_model_ACTIVE_plus_geom:temporal_physics_delta_ts.pt,weighted_astar,1.2,0.7,0.30000000000000004
2026-05-19 16:09:28,dynamic_edge_traversal,target_reached,138,,False,,,29,5,1779199768.491323,1779199768.491323,1,0.0,7.617432117462158,-7.617432117462158,0.0,2142.264892578125,-2142.264892578125,0.0,0.0,0.0,238.0,238.0,,,inf,False,0.0,False,False,1.0,0.0,False,0.0,False,-4.5347394943237305,1.4509776830673218,-4.5347394943237305,1.4509776830673218,runtime_gnn_pt:edge_cost_model.pt,temporal_model_ACTIVE_plus_geom:temporal_physics_delta_ts.pt,weighted_astar,1.2,0.7,0.30000000000000004
2026-05-19 16:09:30,dynamic_edge_traversal,target_reached,139,,False,,,29,5,1779199770.1994061,1779199770.1994061,1,0.0,7.617432117462158,-7.617432117462158,0.0,2142.264892578125,-2142.264892578125,0.0,0.0,0.0,238.0,238.0,,,inf,False,0.0,False,False,1.0,0.0,False,0.0,False,-4.5347394943237305,1.4509776830673218,-4.5347394943237305,1.4509776830673218,runtime_gnn_pt:edge_cost_model.pt,temporal_model_ACTIVE_plus_geom:temporal_physics_delta_ts.pt,weighted_astar,1.2,0.7,0.30000000000000004
2026-05-19 16:09:31,dynamic_edge_traversal,target_reached,140,,False,,,29,5,1779199771.8407412,1779199771.8407412,1,0.0,7.617432117462158,-7.617432117462158,0.0,2142.264892578125,-2142.264892578125,0.0,0.0,0.0,239.0,239.0,,,inf,False,0.0,False,False,1.0,0.0,False,0.0,False,-4.536039352416992,1.4509776830673218,-4.536039352416992,1.4509776830673218,runtime_gnn_pt:edge_cost_model.pt,temporal_model_ACTIVE_plus_geom:temporal_physics_delta_ts.pt,weighted_astar,1.2,0.7,0.30000000000000004
2026-05-19 16:09:33,dynamic_edge_traversal,target_reached,141,,False,,,29,5,1779199773.532183,1779199773.532183,1,0.0,7.617432117462158,-7.617432117462158,0.0,2142.264892578125,-2142.264892578125,0.0,0.0,0.0,238.0,238.0,,,9.09092294860472,False,0.0,False,False,1.0,0.0,False,0.0,False,-4.536039352416992,1.452277660369873,-4.536039352416992,1.452277660369873,runtime_gnn_pt:edge_cost_model.pt,temporal_model_ACTIVE_plus_geom:temporal_physics_delta_ts.pt,weighted_astar,1.2,0.7,0.30000000000000004
2026-05-19 16:09:35,dynamic_edge_traversal,target_reached,142,,False,,,29,5,1779199775.187294,1779199775.187294,1,0.0,7.617432117462158,-7.617432117462158,0.0,2142.264892578125,-2142.264892578125,0.0,0.0,0.0,238.0,238.0,,,9.158040992783375,False,0.0,False,False,1.0,0.0,False,0.0,False,-4.536039352416992,1.452277660369873,-4.536039352416992,1.452277660369873,runtime_gnn_pt:edge_cost_model.pt,temporal_model_ACTIVE_plus_geom:temporal_physics_delta_ts.pt,weighted_astar,1.2,0.7,0.30000000000000004
2026-05-19 16:09:36,dynamic_edge_traversal,target_reached,143,,False,,,29,5,1779199776.863872,1779199776.863872,1,0.0,7.617432117462158,-7.617432117462158,0.0,2142.264892578125,-2142.264892578125,0.0,0.0,0.0,239.0,239.0,,,9.373683291989575,False,0.0,False,False,1.0,0.0,False,0.0,False,-4.536039352416992,1.452277660369873,-4.536039352416992,1.452277660369873,runtime_gnn_pt:edge_cost_model.pt,temporal_model_ACTIVE_plus_geom:temporal_physics_delta_ts.pt,weighted_astar,1.2,0.7,0.30000000000000004
2026-05-19 16:09:38,dynamic_edge_traversal,target_reached,144,,False,,,29,5,1779199778.500531,1779199778.500531,1,0.0,7.617432117462158,-7.617432117462158,0.0,2142.264892578125,-2142.264892578125,0.0,0.0,0.0,238.0,238.0,,,9.281739490726741,False,0.0,False,False,1.0,0.0,False,0.0,False,-4.536039352416992,1.452277660369873,-4.536039352416992,1.452277660369873,runtime_gnn_pt:edge_cost_model.pt,temporal_model_ACTIVE_plus_geom:temporal_physics_delta_ts.pt,weighted_astar,1.2,0.7,0.30000000000000004
2026-05-19 16:09:40,dynamic_edge_traversal,target_reached,145,,False,,,29,5,1779199780.3810189,1779199780.3810189,1,0.0,7.617432117462158,-7.617432117462158,0.0,2142.264892578125,-2142.264892578125,0.0,0.0,0.0,238.0,238.0,,,9.45573107925613,False,0.0,False,False,1.0,0.0,False,0.0,False,-4.536039352416992,1.452277660369873,-4.536039352416992,1.452277660369873,runtime_gnn_pt:edge_cost_model.pt,temporal_model_ACTIVE_plus_geom:temporal_physics_delta_ts.pt,weighted_astar,1.2,0.7,0.30000000000000004
2026-05-19 16:09:42,dynamic_edge_traversal,target_reached,146,,False,,,29,5,1779199782.117235,1779199782.117235,1,0.0,7.617432117462158,-7.617432117462158,0.0,2142.264892578125,-2142.264892578125,0.0,0.0,0.0,238.0,238.0,,,9.117464757951428,False,0.0,False,False,1.0,0.0,False,0.0,False,-4.536039352416992,1.452277660369873,-4.536039352416992,1.452277660369873,runtime_gnn_pt:edge_cost_model.pt,temporal_model_ACTIVE_plus_geom:temporal_physics_delta_ts.pt,weighted_astar,1.2,0.7,0.30000000000000004
2026-05-19 16:09:43,dynamic_edge_traversal,target_reached,147,,False,,,29,5,1779199783.806436,1779199783.806436,1,0.0,7.617432117462158,-7.617432117462158,0.0,2142.264892578125,-2142.264892578125,0.0,0.0,0.0,238.0,238.0,,,9.174443237960011,False,0.0,False,False,1.0,0.0,False,0.0,False,-4.536039352416992,1.452277660369873,-4.536039352416992,1.452277660369873,runtime_gnn_pt:edge_cost_model.pt,temporal_model_ACTIVE_plus_geom:temporal_physics_delta_ts.pt,weighted_astar,1.2,0.7,0.30000000000000004
2026-05-19 16:09:45,dynamic_edge_traversal,target_reached,148,,False,,,29,5,1779199785.63024,1779199785.63024,1,0.0,7.617432117462158,-7.617432117462158,0.0,2142.264892578125,-2142.264892578125,0.0,0.0,0.0,238.0,238.0,,,9.183421182488344,False,0.0,False,False,1.0,0.0,False,0.0,False,-4.536039352416992,1.452277660369873,-4.536039352416992,1.452277660369873,runtime_gnn_pt:edge_cost_model.pt,temporal_model_ACTIVE_plus_geom:temporal_physics_delta_ts.pt,weighted_astar,1.2,0.7,0.30000000000000004
2026-05-19 16:09:47,dynamic_edge_traversal,target_reached,149,,False,,,29,5,1779199787.339041,1779199787.339041,1,0.0,7.617432117462158,-7.617432117462158,0.0,2142.264892578125,-2142.264892578125,0.0,0.0,0.0,238.0,238.0,,,9.325683992136323,False,0.0,False,False,1.0,0.0,False,0.0,False,-4.536039352416992,1.452277660369873,-4.536039352416992,1.452277660369873,runtime_gnn_pt:edge_cost_model.pt,temporal_model_ACTIVE_plus_geom:temporal_physics_delta_ts.pt,weighted_astar,1.2,0.7,0.30000000000000004
2026-05-19 16:09:49,dynamic_edge_traversal,target_reached,150,,False,,,29,5,1779199789.040363,1779199789.040363,1,0.0,7.617432117462158,-7.617432117462158,0.0,2142.264892578125,-2142.264892578125,0.0,0.0,0.0,238.0,238.0,,,9.508632047967021,False,0.0,False,False,1.0,0.0,False,0.0,False,-4.536039352416992,1.452277660369873,-4.536039352416992,1.452277660369873,runtime_gnn_pt:edge_cost_model.pt,temporal_model_ACTIVE_plus_geom:temporal_physics_delta_ts.pt,weighted_astar,1.2,0.7,0.30000000000000004
2026-05-19 16:09:50,dynamic_edge_traversal,target_reached,151,,False,,,29,5,1779199790.772078,1779199790.772078,1,0.0,7.617432117462158,-7.617432117462158,0.0,2142.264892578125,-2142.264892578125,0.0,0.0,0.0,238.0,238.0,,,9.333397668362942,False,0.0,False,False,1.0,0.0,False,0.0,False,-4.536039352416992,1.452277660369873,-4.536039352416992,1.452277660369873,runtime_gnn_pt:edge_cost_model.pt,temporal_model_ACTIVE_plus_geom:temporal_physics_delta_ts.pt,weighted_astar,1.2,0.7,0.30000000000000004
2026-05-19 16:09:52,dynamic_edge_traversal,target_reached,152,,False,,,29,5,1779199792.3924391,1779199792.3924391,1,0.0,7.617432117462158,-7.617432117462158,0.0,2142.264892578125,-2142.264892578125,0.0,0.0,0.0,238.0,238.0,,,9.194317970338169,False,0.0,False,False,1.0,0.0,False,0.0,False,-4.536039352416992,1.452277660369873,-4.536039352416992,1.452277660369873,runtime_gnn_pt:edge_cost_model.pt,temporal_model_ACTIVE_plus_geom:temporal_physics_delta_ts.pt,weighted_astar,1.2,0.7,0.30000000000000004
2026-05-19 16:09:54,dynamic_edge_traversal,target_reached,153,,False,,,29,5,1779199794.298761,1779199794.298761,1,0.0,7.617432117462158,-7.617432117462158,0.0,2142.264892578125,-2142.264892578125,0.0,0.0,0.0,238.0,238.0,,,9.111871492211716,False,0.0,False,False,1.0,0.0,False,0.0,False,-4.536039352416992,1.452277660369873,-4.536039352416992,1.452277660369873,runtime_gnn_pt:edge_cost_model.pt,temporal_model_ACTIVE_plus_geom:temporal_physics_delta_ts.pt,weighted_astar,1.2,0.7,0.30000000000000004
2026-05-19 16:09:55,dynamic_edge_traversal,target_reached,154,,False,,,29,5,1779199795.9007108,1779199795.9007108,1,0.0,7.617432117462158,-7.617432117462158,0.0,2142.264892578125,-2142.264892578125,0.0,0.0,0.0,238.0,238.0,,,9.216591851880953,False,0.0,False,False,1.0,0.0,False,0.0,False,-4.536039352416992,1.452277660369873,-4.536039352416992,1.452277660369873,runtime_gnn_pt:edge_cost_model.pt,temporal_model_ACTIVE_plus_geom:temporal_physics_delta_ts.pt,weighted_astar,1.2,0.7,0.30000000000000004
2026-05-19 16:09:57,dynamic_edge_traversal,target_reached,155,,False,,,29,5,1779199797.633369,1779199797.633369,1,0.0,7.617432117462158,-7.617432117462158,0.0,2142.264892578125,-2142.264892578125,0.0,0.0,0.0,238.0,238.0,,,9.352069369901058,False,0.0,False,False,1.0,0.0,False,0.0,False,-4.537339210510254,1.452277660369873,-4.537339210510254,1.452277660369873,runtime_gnn_pt:edge_cost_model.pt,temporal_model_ACTIVE_plus_geom:temporal_physics_delta_ts.pt,weighted_astar,1.2,0.7,0.30000000000000004
2026-05-19 16:09:59,dynamic_edge_traversal,target_reached,156,SER_20260519_160958,True,5,6,29,5,1779199799.335596,1779199799.335596,1,0.0,7.617432117462158,-7.617432117462158,0.0,2142.264892578125,-2142.264892578125,0.0,0.0,0.0,238.0,238.0,,,9.165578214162831,False,0.0,False,False,1.0,0.0,False,0.0,False,-4.537339210510254,1.452277660369873,-4.537339210510254,1.452277660369873,runtime_gnn_pt:edge_cost_model.pt,temporal_model_ACTIVE_plus_geom:temporal_physics_delta_ts.pt,weighted_astar,1.2,0.7,0.30000000000000004
2026-05-19 16:10:00,dynamic_edge_traversal,target_reached,157,SER_20260519_160958,True,5,6,29,5,1779199800.955959,1779199800.955959,1,0.0,7.617432117462158,-7.617432117462158,0.0,2142.264892578125,-2142.264892578125,0.0,0.0,0.0,237.0,237.0,,,9.080001309942197,False,0.0,False,False,1.0,0.0,False,0.0,False,-4.537339210510254,1.452277660369873,-4.537339210510254,1.452277660369873,runtime_gnn_pt:edge_cost_model.pt,temporal_model_ACTIVE_plus_geom:temporal_physics_delta_ts.pt,weighted_astar,1.2,0.7,0.30000000000000004
2026-05-19 16:10:06,dynamic_edge_traversal,edge_changed,158,SER_20260519_160958,True,5,6,29,5,1779199802.642231,1779199804.477321,2,1.835089921951294,7.617432117462158,-5.782342195510864,467254.6875,2142.264892578125,465112.4226074219,0.14826026558876038,0.209671678356662,0.14826026558876038,284.0,295.0,,,9.045406495811879,False,0.0,False,False,0.5,0.917544960975647,False,0.0,False,-4.5347394943237305,1.452277660369873,-4.252578258514404,1.4584784507751465,runtime_gnn_pt:edge_cost_model.pt,temporal_model_ACTIVE_plus_geom:temporal_physics_delta_ts.pt,weighted_astar,1.2,0.7,0.30000000000000004
2026-05-19 16:10:11,dynamic_edge_traversal,edge_changed,159,SER_20260519_160958,True,5,6,5,29,1779199806.2004108,1779199809.4737868,3,3.273375988006592,7.864201068878174,-4.590825080871582,1081800.0,2185.21484375,1079614.78515625,0.22731820990641913,0.11182206244652246,0.22731820990641913,288.6666666666667,294.0,,,9.05436039518764,False,0.0,False,False,0.0,0.0,False,0.0,False,-3.7856922149658203,1.4601151943206787,-3.082364797592163,1.3863656520843506,runtime_gnn_pt:edge_cost_model.pt,temporal_model_ACTIVE_plus_geom:temporal_physics_delta_ts.pt,weighted_astar,1.2,0.7,0.30000000000000004
2026-05-19 16:10:12,dynamic_edge_traversal,edge_changed,160,SER_20260519_160958,True,5,6,29,28,1779199811.287662,1779199811.287662,1,0.0,6.472456455230713,-6.472456455230713,0.0,1863.9814453125,-1863.9814453125,0.2790781557559967,0.0,0.2790781557559967,293.0,293.0,,,9.415699478720603,False,0.0,False,False,0.0,0.0,False,0.0,False,-3.030259847640991,1.1070771217346191,-3.030259847640991,1.1070771217346191,runtime_gnn_pt:edge_cost_model.pt,temporal_model_ACTIVE_plus_geom:temporal_physics_delta_ts.pt,weighted_astar,1.2,0.7,0.30000000000000004
2026-05-19 16:10:16,dynamic_edge_traversal,edge_changed,161,SER_20260519_160958,True,5,6,28,34,1779199812.964609,1779199814.628764,2,1.6641550064086914,3.4147493839263916,-1.7505943775177002,469940.625,944.0987548828125,468996.5262451172,0.2567433938384056,0.03700089743182004,0.2567433938384056,292.5,299.0,,,9.813201203274742,False,0.0,False,False,0.0,0.0,False,0.0,False,-3.0588462352752686,0.7011269927024841,-3.015639066696167,0.32310420274734497,runtime_gnn_pt:edge_cost_model.pt,temporal_model_ACTIVE_plus_geom:temporal_physics_delta_ts.pt,weighted_astar,1.2,0.7,0.30000000000000004
2026-05-19 16:10:21,dynamic_edge_traversal,edge_changed,162,SER_20260519_160958,True,5,6,34,33,1779199816.281864,1779199819.7554932,3,3.4736292362213135,5.733453273773193,-2.25982403755188,1102457.8125,1631.7578125,1100826.0546875,0.21639900406201681,0.088386203021326,-0.1367029050985972,292.3333333333333,295.0,,,10.455110792964431,False,0.0,False,False,0.0,0.0,True,0.6666666666666666,False,-3.0940005779266357,0.06266559660434723,-3.8077967166900635,-0.0036017377860844135,runtime_gnn_pt:edge_cost_model.pt,temporal_model_ACTIVE_plus_geom:temporal_physics_delta_ts.pt,weighted_astar,1.2,0.7,0.30000000000000004
2026-05-19 16:10:25,dynamic_edge_traversal,target_reached,163,SER_20260519_160958,True,5,6,33,6,1779199821.5312629,1779199824.995421,3,3.464158058166504,6.679998397827148,-3.2158403396606445,922809.375,1987.9146728515625,920821.4603271484,0.09572039792935054,0.09406489355760914,-0.09572039792935054,249.66666666666666,273.0,,,10.504299728945169,False,0.0,False,False,0.3333333333333333,1.154719352722168,True,1.0,False,-4.253940105438232,-0.026593003422021866,-4.46377420425415,-0.032065875828266144,runtime_gnn_pt:edge_cost_model.pt,temporal_model_ACTIVE_plus_geom:temporal_physics_delta_ts.pt,weighted_astar,1.2,0.7,0.30000000000000004
2026-05-19 16:10:30,dynamic_edge_traversal,edge_changed,164,SER_20260519_160958,True,6,5,33,6,1779199828.5202,1779199828.5202,1,0.0,6.679998397827148,-6.679998397827148,0.0,1987.9146728515625,-1987.9146728515625,0.0,0.0,0.0,300.0,300.0,,,10.52158347508259,False,0.0,False,False,1.0,0.0,False,0.0,False,-4.46377420425415,-0.032065875828266144,-4.46377420425415,-0.032065875828266144,runtime_gnn_pt:edge_cost_model.pt,temporal_model_ACTIVE_plus_geom:temporal_physics_delta_ts.pt,weighted_astar,1.2,0.7,0.30000000000000004
2026-05-19 16:10:35,dynamic_edge_traversal,edge_changed,165,SER_20260519_160958,True,6,5,6,33,1779199830.493353,1779199833.8941429,3,3.400789976119995,6.668078899383545,-3.26728892326355,1084514.0625,1956.2244873046875,1082557.8380126953,0.17555829882621765,0.10775439309499589,0.17555829882621765,293.6666666666667,300.0,,,10.012613254150075,False,0.0,False,False,0.0,0.0,False,0.0,False,-3.5610086917877197,-0.01772467978298664,-3.096290111541748,0.07216788083314896,runtime_gnn_pt:edge_cost_model.pt,temporal_model_ACTIVE_plus_geom:temporal_physics_delta_ts.pt,weighted_astar,1.2,0.7,0.30000000000000004
2026-05-19 16:10:37,dynamic_edge_traversal,edge_changed,166,SER_20260519_160958,True,6,5,33,34,1779199835.552823,1779199835.552823,1,0.0,5.700606822967529,-5.700606822967529,0.0,1618.7340087890625,-1618.7340087890625,0.2960951030254364,0.0,0.2960951030254364,295.0,295.0,,,9.402520856103967,False,0.0,False,False,0.0,0.0,False,0.0,False,-3.070594072341919,0.5802911520004272,-3.070594072341919,0.5802911520004272,runtime_gnn_pt:edge_cost_model.pt,temporal_model_ACTIVE_plus_geom:temporal_physics_delta_ts.pt,weighted_astar,1.2,0.7,0.30000000000000004
2026-05-19 16:10:40,dynamic_edge_traversal,edge_changed,167,SER_20260519_160958,True,6,5,34,28,1779199837.42298,1779199839.024964,2,1.6019840240478516,3.5869252681732178,-1.9849412441253662,460153.125,1000.61767578125,459152.50732421875,0.2354721873998642,0.08453045694329801,0.2354721873998642,290.0,294.0,,,9.085164363008966,False,0.0,False,False,0.0,0.0,False,0.0,False,-3.038600206375122,1.0043784379959106,-3.099438428878784,1.2969132661819458,runtime_gnn_pt:edge_cost_model.pt,temporal_model_ACTIVE_plus_geom:temporal_physics_delta_ts.pt,weighted_astar,1.2,0.7,0.30000000000000004
2026-05-19 16:10:43,dynamic_edge_traversal,edge_changed,168,SER_20260519_160958,True,6,5,28,29,1779199840.665169,1779199842.339097,2,1.6739280223846436,6.602992057800293,-4.929064035415649,467550.0,1919.3033447265625,465630.69665527344,0.20186368003487587,0.13206006386998057,-0.20186368003487587,294.0,299.0,,,9.048172824949916,False,0.0,False,False,0.0,0.0,True,1.0,False,-3.2335081100463867,1.441772699356079,-3.6036922931671143,1.4692926406860352,runtime_gnn_pt:edge_cost_model.pt,temporal_model_ACTIVE_plus_geom:temporal_physics_delta_ts.pt,weighted_astar,1.2,0.7,0.30000000000000004
2026-05-19 16:10:47,dynamic_edge_traversal,target_reached,169,SER_20260519_160958,True,6,5,29,5,1779199843.9604669,1779199847.5835211,3,3.623054265975952,7.617432117462158,-3.994377851486206,960975.0,2142.264892578125,958832.7351074219,0.13259047518173853,0.15211054576169292,-0.13259047518173853,262.3333333333333,276.0,,,9.046821340095725,False,0.0,False,False,0.3333333333333333,1.2076847553253174,True,1.0,False,-4.061620235443115,1.4534170627593994,-4.536646842956543,1.4395875930786133,runtime_gnn_pt:edge_cost_model.pt,temporal_model_ACTIVE_plus_geom:temporal_physics_delta_ts.pt,weighted_astar,1.2,0.7,0.30000000000000004
2026-05-19 16:10:53,dynamic_edge_traversal,edge_changed,170,SER_20260519_160958,True,5,4,29,5,1779199849.364497,1779199851.516545,2,2.152048110961914,7.617432117462158,-5.465384006500244,790214.0625,2142.264892578125,788071.7976074219,0.21186114847660065,0.12273463636339195,0.21186114847660065,297.5,305.0,,,9.078940525672134,False,0.0,False,False,0.0,0.0,False,0.0,False,-4.5252485275268555,1.4400262832641602,-4.130929470062256,1.4523062705993652,runtime_gnn_pt:edge_cost_model.pt,temporal_model_ACTIVE_plus_geom:temporal_physics_delta_ts.pt,weighted_astar,1.2,0.7,0.30000000000000004
2026-05-19 16:10:56,dynamic_edge_traversal,edge_changed,171,SER_20260519_160958,True,5,4,5,29,1779199853.208128,1779199855.0710762,2,1.8629481792449951,7.864201068878174,-6.001252889633179,460518.75,2185.21484375,458333.53515625,0.19909842312335968,0.14138550191328128,0.19909842312335968,286.0,287.0,,,8.667142252312797,False,0.0,False,False,0.0,0.0,False,0.0,False,-3.397495985031128,1.458493709564209,-3.1334595680236816,1.4866700172424316,runtime_gnn_pt:edge_cost_model.pt,temporal_model_ACTIVE_plus_geom:temporal_physics_delta_ts.pt,weighted_astar,1.2,0.7,0.30000000000000004
2026-05-19 16:11:09,dynamic_edge_traversal,edge_changed,172,SER_20260519_160958,True,5,4,29,26,1779199856.75721,1779199867.621483,7,10.864273071289062,7.342645168304443,3.521627902984619,3317090.625,2133.223876953125,3314957.401123047,0.2812052603278841,0.03551462147880394,0.2812052603278841,295.42857142857144,300.0,,,2.315379442492262,False,0.0,False,False,0.0,0.0,False,0.0,False,-3.0380382537841797,1.7013084888458252,-3.0893709659576416,4.791626930236816,runtime_gnn_pt:edge_cost_model.pt,temporal_model_ACTIVE_plus_geom:temporal_physics_delta_ts.pt,weighted_astar,1.2,0.7,0.30000000000000004
2026-05-19 16:11:25,dynamic_edge_traversal,edge_changed,173,SER_20260519_160958,True,5,4,26,25,1779199869.280937,1779199883.82865,9,14.547713041305542,13.86406135559082,0.6836516857147217,4219453.125,3972.968017578125,4215480.156982422,0.26489733904600143,0.06987387336764861,0.26489733904600143,290.44444444444446,299.0,,,1.5600350428035372,False,0.0,False,False,0.0,0.0,False,0.0,False,-3.1118109226226807,5.194055557250977,-2.995067834854126,8.518668174743652,runtime_gnn_pt:edge_cost_model.pt,temporal_model_ACTIVE_plus_geom:temporal_physics_delta_ts.pt,weighted_astar,1.2,0.7,0.30000000000000004
2026-05-19 16:11:45,dynamic_edge_traversal,edge_changed,174,SER_20260519_160958,True,5,4,25,23,1779199885.622505,1779199894.5579531,5,8.935448169708252,12.056227684020996,-3.120779514312744,2049553.125,3449.790283203125,2046103.3347167969,0.24555472433567047,0.0703626022736672,0.24555472433567047,294.8,304.0,,,0.2923344612121578,True,0.0,False,True,0.0,0.0,False,0.0,False,-2.689676523208618,8.612665176391602,-2.6417911052703857,10.392600059509277,runtime_gnn_pt:edge_cost_model.pt,temporal_model_ACTIVE_plus_geom:temporal_physics_delta_ts.pt,weighted_astar,1.2,0.7,0.30000000000000004
2026-05-19 16:11:53,dynamic_edge_traversal,edge_changed,175,SER_20260519_160958,True,5,4,23,20,1779199905.310358,1779199911.6081831,4,6.29782509803772,11.61013412475586,-5.31230902671814,3898631.25,3322.623291015625,3895308.6267089844,0.15464162081480026,0.12170025967432402,0.07742716372013092,272.25,292.0,,,0.7387497138475676,False,0.0,False,True,0.25,1.57445627450943,True,0.25,False,-2.6608989238739014,11.24557876586914,-2.8545961380004883,12.362500190734863,runtime_gnn_pt:edge_cost_model.pt,temporal_model_ACTIVE_plus_geom:temporal_physics_delta_ts.pt,weighted_astar,1.2,0.7,0.30000000000000004
2026-05-19 16:12:05,dynamic_edge_traversal,edge_changed,176,SER_20260519_160958,True,5,4,20,22,1779199913.672553,1779199923.183883,6,9.511329889297485,9.05349063873291,0.4578392505645752,2835126.5625,2629.4033203125,2832497.1591796875,0.2409317890803019,0.0810879425430146,0.1496074398358663,297.0,302.0,,,0.15605640411376973,True,0.0,False,False,0.0,0.0,True,0.3333333333333333,False,-3.1245832443237305,12.35891056060791,-3.3334801197052,14.629776954650879,runtime_gnn_pt:edge_cost_model.pt,temporal_model_ACTIVE_plus_geom:temporal_physics_delta_ts.pt,weighted_astar,1.2,0.7,0.30000000000000004
2026-05-19 16:12:14,dynamic_edge_traversal,edge_changed,177,SER_20260519_160958,True,5,4,22,19,1779199925.07361,1779199932.3307872,5,7.257177114486694,17.457006454467773,-10.199829339981079,2036742.1875,5006.75244140625,2031735.4350585938,0.26682592630386354,0.0694936174120515,0.26682592630386354,295.0,300.0,,,0.7200857387553603,False,0.0,False,False,0.0,0.0,False,0.0,False,-3.3386223316192627,15.089330673217773,-3.3819618225097656,17.139623641967773,runtime_gnn_pt:edge_cost_model.pt,temporal_model_ACTIVE_plus_geom:temporal_physics_delta_ts.pt,weighted_astar,1.2,0.7,0.30000000000000004
2026-05-19 16:12:19,dynamic_edge_traversal,edge_changed,178,SER_20260519_160958,True,5,4,19,18,1779199934.1209269,1779199937.69019,3,3.569263219833374,9.777172088623047,-6.207908868789673,952467.1875,2783.098876953125,949684.0886230469,0.22150409718354544,0.10255837632262742,-0.22150409718354544,301.3333333333333,303.0,,,2.393552975327097,False,0.0,False,False,0.0,0.0,True,1.0,False,-3.5077269077301025,17.26995086669922,-4.339938640594482,17.245853424072266,runtime_gnn_pt:edge_cost_model.pt,temporal_model_ACTIVE_plus_geom:temporal_physics_delta_ts.pt,weighted_astar,1.2,0.7,0.30000000000000004
2026-05-19 16:12:23,dynamic_edge_traversal,target_reached,179,SER_20260519_160958,True,5,4,18,4,1779199939.713349,1779199943.604046,3,3.8906970024108887,7.151072025299072,-3.2603750228881836,925917.1875,2030.479736328125,923886.7077636719,0.1314560150106748,0.15053217806208702,-0.1314560150106748,247.66666666666666,266.0,,,2.4371485591284627,False,0.0,False,True,0.3333333333333333,1.2968990008036294,True,1.0,False,-4.736232280731201,17.251583099365234,-5.109680652618408,17.249006271362305,runtime_gnn_pt:edge_cost_model.pt,temporal_model_ACTIVE_plus_geom:temporal_physics_delta_ts.pt,weighted_astar,1.2,0.7,0.30000000000000004
2026-05-19 16:13:15,dynamic_edge_traversal,edge_changed,180,SER_20260519_160958,True,4,3,18,4,1779199945.42446,1779199993.423088,28,47.99862813949585,7.151072025299072,40.84755611419678,11366521.875,2030.479736328125,11364491.395263672,0.015178520232439041,0.06055263040204614,0.015178520232439041,237.07142857142858,299.0,,,2.4362041213870995,False,0.0,False,True,0.9285714285714286,44.57015470096043,False,0.0,False,-5.107080936431885,17.24640655517578,-4.500524520874023,17.251564025878906,runtime_gnn_pt:edge_cost_model.pt,temporal_model_ACTIVE_plus_geom:temporal_physics_delta_ts.pt,weighted_astar,1.2,0.7,0.30000000000000004
2026-05-19 16:13:20,dynamic_edge_traversal,edge_changed,181,SER_20260519_160958,True,4,3,4,18,1779199995.047315,1779199998.518682,3,3.471367120742798,9.370450019836426,-5.899082899093628,925734.375,2636.8662109375,923097.5087890625,0.21909336000680923,0.10894261326252085,0.21909336000680923,293.0,300.0,,,2.4307905781866608,False,0.0,False,False,0.0,0.0,False,0.0,False,-4.110422134399414,17.27012062072754,-3.465533494949341,17.368480682373047,runtime_gnn_pt:edge_cost_model.pt,temporal_model_ACTIVE_plus_geom:temporal_physics_delta_ts.pt,weighted_astar,1.2,0.7,0.30000000000000004
2026-05-19 16:13:21,dynamic_edge_traversal,edge_changed,182,SER_20260519_160958,True,4,3,18,17,1779200000.318798,1779200000.318798,1,0.0,6.009280204772949,-6.009280204772949,0.0,1739.82373046875,-1739.82373046875,0.24844761192798615,0.0,0.24844761192798615,292.0,292.0,,,2.7540906204571676,False,0.0,False,False,0.0,0.0,False,0.0,False,-3.450517416000366,17.619428634643555,-3.450517416000366,17.619428634643555,runtime_gnn_pt:edge_cost_model.pt,temporal_model_ACTIVE_plus_geom:temporal_physics_delta_ts.pt,weighted_astar,1.2,0.7,0.30000000000000004
2026-05-19 16:13:23,dynamic_edge_traversal,edge_changed,183,SER_20260519_160958,True,4,3,17,10,1779200001.9525461,1779200001.9525461,1,0.0,2.5847933292388916,-2.5847933292388916,0.0,723.6553344726562,-723.6553344726562,0.08253224194049835,0.0,0.08253224194049835,285.0,285.0,,,2.9660611996117483,False,0.0,False,False,0.0,0.0,False,0.0,False,-3.5042340755462646,17.955062866210938,-3.5042340755462646,17.955062866210938,runtime_gnn_pt:edge_cost_model.pt,temporal_model_ACTIVE_plus_geom:temporal_physics_delta_ts.pt,weighted_astar,1.2,0.7,0.30000000000000004
2026-05-19 16:13:27,dynamic_edge_traversal,edge_changed,184,SER_20260519_160958,True,4,3,10,8,1779200003.557924,1779200005.585883,2,2.027958869934082,5.38085412979126,-3.3528952598571777,470756.25,1552.185791015625,469204.0642089844,0.25546710938215256,0.05926155626297043,-0.25546710938215256,297.0,303.0,,,3.1374343271746556,False,0.0,False,False,0.0,0.0,True,1.0,False,-3.6432440280914307,17.96505355834961,-4.059267520904541,17.979366302490234,runtime_gnn_pt:edge_cost_model.pt,temporal_model_ACTIVE_plus_geom:temporal_physics_delta_ts.pt,weighted_astar,1.2,0.7,0.30000000000000004
2026-05-19 16:13:31,dynamic_edge_traversal,target_reached,185,SER_20260519_160958,True,4,3,8,3,1779200007.539477,1779200011.230608,3,3.6911308765411377,7.012415409088135,-3.321284532546997,964195.3125,1973.51611328125,962221.7963867188,0.13159781942764917,0.1502086091244846,-0.13159781942764917,259.6666666666667,275.0,,,3.2115175860108667,False,0.0,False,False,0.3333333333333333,1.230376958847046,True,1.0,False,-4.656075477600098,17.985567092895508,-5.169736862182617,17.986604690551758,runtime_gnn_pt:edge_cost_model.pt,temporal_model_ACTIVE_plus_geom:temporal_physics_delta_ts.pt,weighted_astar,1.2,0.7,0.30000000000000004
2026-05-19 16:13:37,dynamic_edge_traversal,edge_changed,186,SER_20260519_160958,True,3,2,8,3,1779200012.959511,1779200016.320054,3,3.3605430126190186,7.012415409088135,-3.651872396469116,1094146.875,1973.51611328125,1092173.3588867188,0.18009615937868753,0.15818242238839414,0.18009615937868753,286.3333333333333,292.0,,,3.1843787441260827,False,0.0,False,False,0.3333333333333333,1.1201810042063394,False,0.0,False,-5.169736862182617,17.986604690551758,-4.509638786315918,18.009693145751953,runtime_gnn_pt:edge_cost_model.pt,temporal_model_ACTIVE_plus_geom:temporal_physics_delta_ts.pt,weighted_astar,1.2,0.7,0.30000000000000004
2026-05-19 16:13:41,dynamic_edge_traversal,edge_changed,187,SER_20260519_160958,True,3,2,3,8,1779200017.9548259,1779200019.7091572,2,1.754331350326538,9.681337356567383,-7.927006006240845,469012.5,2707.119140625,466305.380859375,0.2980094999074936,0.00030082313124650615,0.2980094999074936,300.0,301.0,,,3.204055455461671,False,0.0,False,False,0.0,0.0,False,0.0,False,-4.055811405181885,18.026124954223633,-3.585231065750122,18.03235626220703,runtime_gnn_pt:edge_cost_model.pt,temporal_model_ACTIVE_plus_geom:temporal_physics_delta_ts.pt,weighted_astar,1.2,0.7,0.30000000000000004
2026-05-19 16:13:43,dynamic_edge_traversal,edge_changed,188,SER_20260519_160958,True,3,2,8,9,1779200021.398894,1779200021.398894,1,0.0,5.558638572692871,-5.558638572692871,0.0,1594.83447265625,-1594.83447265625,0.29737135767936707,0.0,0.29737135767936707,289.0,289.0,,,3.187760656481497,False,0.0,False,False,0.0,0.0,False,0.0,False,-3.1989550590515137,18.048330307006836,-3.1989550590515137,18.048330307006836,runtime_gnn_pt:edge_cost_model.pt,temporal_model_ACTIVE_plus_geom:temporal_physics_delta_ts.pt,weighted_astar,1.2,0.7,0.30000000000000004
2026-05-19 16:13:46,dynamic_edge_traversal,edge_changed,189,SER_20260519_160958,True,3,2,9,13,1779200023.2993212,1779200025.048262,2,1.7489407062530518,4.618556022644043,-2.869615316390991,460828.125,1296.695068359375,459531.4299316406,0.19484419003129005,0.14319041435898,0.19484419003129005,291.5,294.0,,,3.4200885847318903,False,0.0,False,False,0.0,0.0,False,0.0,False,-2.7321879863739014,18.04130744934082,-2.349163293838501,18.09588050842285,runtime_gnn_pt:edge_cost_model.pt,temporal_model_ACTIVE_plus_geom:temporal_physics_delta_ts.pt,weighted_astar,1.2,0.7,0.30000000000000004
2026-05-19 16:13:53,dynamic_edge_traversal,edge_changed,190,SER_20260519_160958,True,3,2,13,11,1779200026.885293,1779200031.893376,4,5.00808310508728,4.195107460021973,0.8129756450653076,1410060.9375,1190.6024169921875,1408870.3350830078,0.26716627180576324,0.05958770973447349,0.26716627180576324,295.5,299.0,,,3.4500998275029153,False,0.0,False,False,0.0,0.0,False,0.0,False,-2.3067314624786377,18.26750946044922,-2.3455662727355957,19.70689582824707,runtime_gnn_pt:edge_cost_model.pt,temporal_model_ACTIVE_plus_geom:temporal_physics_delta_ts.pt,weighted_astar,1.2,0.7,0.30000000000000004
2026-05-19 16:14:01,dynamic_edge_traversal,target_reached,191,SER_20260519_160958,True,3,2,11,2,1779200033.720059,1779200041.294192,5,7.5741331577301025,10.886847496032715,-3.3127143383026123,2214548.4375,3124.98681640625,2211423.4506835938,0.2025018185377121,0.13684409275180778,0.2025018185377121,279.4,301.0,,,3.438624368414682,False,0.0,False,False,0.2,1.5148266315460206,False,0.0,False,-2.3361124992370605,20.171283721923828,-2.373593330383301,21.843446731567383,runtime_gnn_pt:edge_cost_model.pt,temporal_model_ACTIVE_plus_geom:temporal_physics_delta_ts.pt,weighted_astar,1.2,0.7,0.30000000000000004
2026-05-19 16:14:03,dynamic_edge_traversal,target_reached,192,SER_20260519_160958,True,2,1,11,2,1779200043.020546,1779200043.020546,1,0.0,10.886847496032715,-10.886847496032715,0.0,3124.98681640625,-3124.98681640625,0.0,0.0,0.0,238.0,238.0,,,3.8317956144862175,False,0.0,False,False,1.0,0.0,False,0.0,False,-2.373593330383301,21.84474754333496,-2.373593330383301,21.84474754333496,runtime_gnn_pt:edge_cost_model.pt,temporal_model_ACTIVE_plus_geom:temporal_physics_delta_ts.pt,weighted_astar,1.2,0.7,0.30000000000000004
2026-05-19 16:14:04,dynamic_edge_traversal,target_reached,193,SER_20260519_160958,True,2,1,11,2,1779200044.742183,1779200044.742183,1,0.0,10.886847496032715,-10.886847496032715,0.0,3124.98681640625,-3124.98681640625,0.0,0.0,0.0,259.0,259.0,,,3.910579342961168,False,0.0,False,False,1.0,0.0,False,0.0,False,-2.373593330383301,21.84474754333496,-2.373593330383301,21.84474754333496,runtime_gnn_pt:edge_cost_model.pt,temporal_model_ACTIVE_plus_geom:temporal_physics_delta_ts.pt,weighted_astar,1.2,0.7,0.30000000000000004
2026-05-19 16:14:16,dynamic_edge_traversal,edge_changed,194,SER_20260519_160958,True,2,1,11,2,1779200046.559457,1779200053.284361,3,6.72490382194519,10.886847496032715,-4.161943674087524,1426078.125,3124.98681640625,1422953.1381835938,0.2410735934972763,0.09972117743905322,0.2410735934972763,292.0,292.0,,,3.4646704063703937,False,0.0,False,False,0.0,0.0,False,0.0,False,-2.3732330799102783,21.830644607543945,-2.3520560264587402,20.8304500579834,runtime_gnn_pt:edge_cost_model.pt,temporal_model_ACTIVE_plus_geom:temporal_physics_delta_ts.pt,weighted_astar,1.2,0.7,0.30000000000000004
2026-05-19 16:14:22,dynamic_edge_traversal,edge_changed,195,SER_20260519_160958,True,2,1,2,11,1779200056.017668,1779200058.588137,2,2.5704689025878906,16.123516082763672,-13.553047180175781,627229.6875,4571.79443359375,622657.8930664062,0.29843492805957794,0.00030082313124650615,0.29843492805957794,295.5,299.0,,,3.219882014188423,False,0.0,False,False,0.0,0.0,False,0.0,False,-2.3229949474334717,19.513643264770508,-2.3103253841400146,18.714126586914062,runtime_gnn_pt:edge_cost_model.pt,temporal_model_ACTIVE_plus_geom:temporal_physics_delta_ts.pt,weighted_astar,1.2,0.7,0.30000000000000004
2026-05-19 16:14:24,dynamic_edge_traversal,edge_changed,196,SER_20260519_160958,True,2,1,11,13,1779200062.365699,1779200062.365699,1,0.0,8.986699104309082,-8.986699104309082,0.0,2553.734130859375,-2553.734130859375,0.10337802767753601,0.0,0.10337802767753601,294.0,294.0,,,3.187473116168934,False,0.0,False,False,0.0,0.0,False,0.0,False,-2.3331987857818604,18.128089904785156,-2.3331987857818604,18.128089904785156,runtime_gnn_pt:edge_cost_model.pt,temporal_model_ACTIVE_plus_geom:temporal_physics_delta_ts.pt,weighted_astar,1.2,0.7,0.30000000000000004
2026-05-19 16:14:27,dynamic_edge_traversal,edge_changed,197,SER_20260519_160958,True,2,1,13,9,1779200064.298935,1779200065.956084,2,1.657149076461792,5.239530086517334,-3.582381010055542,462740.625,1476.6466064453125,461263.9783935547,0.19165350496768951,0.15131255987729472,-0.19165350496768951,288.0,289.0,,,3.2185752747053424,False,0.0,False,False,0.0,0.0,True,1.0,False,-2.971433639526367,18.080106735229492,-3.3400466442108154,18.129650115966797,runtime_gnn_pt:edge_cost_model.pt,temporal_model_ACTIVE_plus_geom:temporal_physics_delta_ts.pt,weighted_astar,1.2,0.7,0.30000000000000004
2026-05-19 16:14:34,dynamic_edge_traversal,edge_changed,198,SER_20260519_160958,True,2,1,9,7,1779200067.708566,1779200073.062201,4,5.35363507270813,4.7217512130737305,0.6318838596343994,1582453.125,1351.3233642578125,1581101.8016357422,0.2889692410826683,0.017953275792330234,0.2889692410826683,295.0,300.0,,,3.4459612029280886,False,0.0,False,False,0.0,0.0,False,0.0,False,-3.3738110065460205,18.325836181640625,-3.4305472373962402,19.773862838745117,runtime_gnn_pt:edge_cost_model.pt,temporal_model_ACTIVE_plus_geom:temporal_physics_delta_ts.pt,weighted_astar,1.2,0.7,0.30000000000000004
2026-05-19 16:14:42,dynamic_edge_traversal,target_reached,199,SER_20260519_160958,True,2,1,7,1,1779200074.846498,1779200082.0394628,5,7.192964792251587,10.99221420288086,-3.7992494106292725,1902684.375,3150.443359375,1899533.931640625,0.19901334196329118,0.14055978895247503,0.19901334196329118,273.6,300.0,,,3.4409377725696713,False,0.0,False,False,0.2,1.4385929584503174,False,0.0,False,-3.453608274459839,20.2507381439209,-3.4924652576446533,21.81473731994629,runtime_gnn_pt:edge_cost_model.pt,temporal_model_ACTIVE_plus_geom:temporal_physics_delta_ts.pt,weighted_astar,1.2,0.7,0.30000000000000004
2026-05-19 16:14:43,dynamic_edge_traversal,target_reached,200,SER_20260519_160958,True,1,6,7,1,1779200083.753921,1779200083.753921,1,0.0,10.99221420288086,-10.99221420288086,0.0,3150.443359375,-3150.443359375,0.0,0.0,0.0,238.0,238.0,,,3.548571895676788,False,0.0,False,False,1.0,0.0,False,0.0,False,-3.4924652576446533,21.81473731994629,-3.4924652576446533,21.81473731994629,runtime_gnn_pt:edge_cost_model.pt,temporal_model_ACTIVE_plus_geom:temporal_physics_delta_ts.pt,weighted_astar,1.2,0.7,0.30000000000000004
2026-05-19 16:14:54,dynamic_edge_traversal,edge_changed,201,SER_20260519_160958,True,1,6,7,1,1779200085.5558012,1779200092.8661299,5,7.310328722000122,10.99221420288086,-3.6818854808807373,2052843.75,3150.443359375,2049693.306640625,0.2388330280780792,0.13351523756697856,0.2388330280780792,290.8,300.0,,,3.451373101360805,False,0.0,False,False,0.2,1.4620657444000245,False,0.0,False,-3.4924652576446533,21.816038131713867,-3.463709831237793,20.09394645690918,runtime_gnn_pt:edge_cost_model.pt,temporal_model_ACTIVE_plus_geom:temporal_physics_delta_ts.pt,weighted_astar,1.2,0.7,0.30000000000000004
2026-05-19 16:15:01,dynamic_edge_traversal,edge_changed,202,SER_20260519_160958,True,1,6,1,7,1779200094.693558,1779200099.947316,4,5.253757953643799,16.23548126220703,-10.981723308563232,1585546.875,4585.78662109375,1580961.0883789062,0.2976904362440109,0.001118843003020175,0.2976904362440109,293.0,299.0,,,2.9615731037762756,False,0.0,False,False,0.0,0.0,False,0.0,False,-3.4565913677215576,19.446636199951172,-3.434293031692505,18.138303756713867,runtime_gnn_pt:edge_cost_model.pt,temporal_model_ACTIVE_plus_geom:temporal_physics_delta_ts.pt,weighted_astar,1.2,0.7,0.30000000000000004
2026-05-19 16:15:03,dynamic_edge_traversal,edge_changed,203,SER_20260519_160958,True,1,6,7,17,1779200101.843137,1779200101.843137,1,0.0,4.0,-4.0,0.0,300.0,-300.0,0.2986476421356201,0.0,0.2986476421356201,292.0,292.0,,,2.1807803272653157,False,0.0,False,False,0.0,0.0,False,0.0,False,-3.411187171936035,17.55894660949707,-3.411187171936035,17.55894660949707,runtime_gnn_pt:edge_cost_model.pt,temporal_model_ACTIVE_plus_geom:temporal_physics_delta_ts.pt,weighted_astar,1.2,0.7,0.30000000000000004
2026-05-19 16:15:22,dynamic_edge_traversal,edge_changed,204,SER_20260519_160958,True,1,6,17,19,1779200103.658737,1779200112.216703,5,8.557965993881226,3.2137749195098877,5.344191074371338,2047865.625,880.3976440429688,2046985.227355957,0.2980520486831665,0.001109367749956626,0.2980520486831665,294.4,301.0,,,0.21344356536865242,True,0.0,False,True,0.0,0.0,False,0.0,False,-3.389784336090088,17.086389541625977,-3.3556180000305176,14.97746467590332,runtime_gnn_pt:edge_cost_model.pt,temporal_model_ACTIVE_plus_geom:temporal_physics_delta_ts.pt,weighted_astar,1.2,0.7,0.30000000000000004
2026-05-19 16:15:32,dynamic_edge_traversal,edge_changed,205,SER_20260519_160958,True,1,6,19,22,1779200122.434488,1779200130.7547798,5,8.320291757583618,14.138858795166016,-5.8185670375823975,4385896.875,4028.448974609375,4381868.426025391,0.23713133931159974,0.08231410007397238,0.23713133931159974,275.0,293.0,,,1.2172016823063305,False,0.0,False,True,0.0,0.0,False,0.0,False,-3.32759690284729,14.07711410522461,-3.107511043548584,12.412345886230469,runtime_gnn_pt:edge_cost_model.pt,temporal_model_ACTIVE_plus_geom:temporal_physics_delta_ts.pt,weighted_astar,1.2,0.7,0.30000000000000004
2026-05-19 16:15:44,dynamic_edge_traversal,edge_changed,206,SER_20260519_160958,True,1,6,22,20,1779200132.482713,1779200140.109592,5,7.626878976821899,12.391226768493652,-4.764347791671753,2217150.0,3555.764892578125,2213594.235107422,0.2340682864189148,0.06989418780382306,0.2340682864189148,298.6,304.0,,,0.2329591751098631,True,0.0,False,False,0.0,0.0,False,0.0,False,-2.852447748184204,12.37878704071045,-2.675729513168335,10.810569763183594,runtime_gnn_pt:edge_cost_model.pt,temporal_model_ACTIVE_plus_geom:temporal_physics_delta_ts.pt,weighted_astar,1.2,0.7,0.30000000000000004
2026-05-19 16:16:00,dynamic_edge_traversal,edge_changed,207,SER_20260519_160958,True,1,6,20,23,1779200144.094738,1779200158.2646039,4,14.169865846633911,12.11764907836914,2.0522167682647705,4079784.375,3460.747314453125,4076323.627685547,0.1783590167760849,0.134923757502002,0.1783590167760849,279.0,299.0,,,0.30223725535252777,True,0.0,False,True,0.25,3.542466461658478,False,0.0,False,-2.6562249660491943,10.21206283569336,-2.717848777770996,8.644047737121582,runtime_gnn_pt:edge_cost_model.pt,temporal_model_ACTIVE_plus_geom:temporal_physics_delta_ts.pt,weighted_astar,1.2,0.7,0.30000000000000004
2026-05-19 16:17:16,dynamic_edge_traversal,edge_changed,208,SER_20260519_160958,True,1,6,23,25,1779200160.237498,1779200234.8571079,40,74.61960983276367,10.800420761108398,63.81918907165527,18158821.875,3095.889892578125,18155725.985107422,0.05309291500598192,0.10939302214364266,0.035586717538535595,242.875,299.0,,,1.5603808232387935,False,0.0,False,True,0.775,57.83019762039185,True,0.075,False,-2.954341411590576,8.569165229797363,-3.1111385822296143,5.238635540008545,runtime_gnn_pt:edge_cost_model.pt,temporal_model_ACTIVE_plus_geom:temporal_physics_delta_ts.pt,weighted_astar,1.2,0.7,0.30000000000000004
2026-05-19 16:17:29,dynamic_edge_traversal,edge_changed,209,SER_20260519_160958,True,1,6,25,26,1779200236.677542,1779200247.877128,7,11.199585914611816,15.7904634475708,-4.590877532958984,3306459.375,4467.95361328125,3301991.4213867188,0.29652051840509686,0.0029678277532728396,0.29652051840509686,296.14285714285717,302.0,,,5.752951922261317,False,0.0,False,False,0.0,0.0,False,0.0,False,-3.103581666946411,4.777879238128662,-3.0194547176361084,1.6332401037216187,runtime_gnn_pt:edge_cost_model.pt,temporal_model_ACTIVE_plus_geom:temporal_physics_delta_ts.pt,weighted_astar,1.2,0.7,0.30000000000000004
2026-05-19 16:17:31,dynamic_edge_traversal,edge_changed,210,SER_20260519_160958,True,1,6,26,28,1779200249.6803892,1779200249.6803892,1,0.0,8.690485954284668,-8.690485954284668,0.0,2496.04833984375,-2496.04833984375,0.2977967858314514,0.0,0.2977967858314514,299.0,299.0,,,9.365298444089772,False,0.0,False,False,0.0,0.0,False,0.0,False,-3.007779121398926,1.1827186346054077,-3.007779121398926,1.1827186346054077,runtime_gnn_pt:edge_cost_model.pt,temporal_model_ACTIVE_plus_geom:temporal_physics_delta_ts.pt,weighted_astar,1.2,0.7,0.30000000000000004
2026-05-19 16:17:33,dynamic_edge_traversal,edge_changed,211,SER_20260519_160958,True,1,6,28,34,1779200251.4652119,1779200251.4652119,1,0.0,3.4147493839263916,-3.4147493839263916,0.0,944.0987548828125,-944.0987548828125,0.2960951030254364,0.0,0.2960951030254364,301.0,301.0,,,9.941685159937338,False,0.0,False,False,0.0,0.0,False,0.0,False,-3.0115795135498047,0.5791776180267334,-3.0115795135498047,0.5791776180267334,runtime_gnn_pt:edge_cost_model.pt,temporal_model_ACTIVE_plus_geom:temporal_physics_delta_ts.pt,weighted_astar,1.2,0.7,0.30000000000000004
2026-05-19 16:17:39,dynamic_edge_traversal,edge_changed,212,SER_20260519_160958,True,1,6,34,33,1779200253.346279,1779200257.2284212,3,3.8821423053741455,5.733453273773193,-1.8513109683990479,1258678.125,1631.7578125,1257046.3671875,0.18860464046398798,0.08309429307238035,-0.05303619056940079,297.6666666666667,301.0,,,10.316843803329418,False,0.0,False,False,0.0,0.0,True,0.6666666666666666,False,-3.018695831298828,0.199856236577034,-3.5120255947113037,0.018761686980724335,runtime_gnn_pt:edge_cost_model.pt,temporal_model_ACTIVE_plus_geom:temporal_physics_delta_ts.pt,weighted_astar,1.2,0.7,0.30000000000000004
2026-05-19 16:17:43,dynamic_edge_traversal,target_reached,213,SER_20260519_160958,True,1,6,33,6,1779200259.238471,1779200263.063575,3,3.825103998184204,6.679998397827148,-2.8548943996429443,927618.75,1987.9146728515625,925630.8353271484,0.1317396288116773,0.15071802326656333,-0.1317396288116773,258.0,270.0,,,10.504341108799316,False,0.0,False,False,0.3333333333333333,1.2750346660614014,True,1.0,False,-4.106074810028076,-0.01569688506424427,-4.460686683654785,-0.02969900704920292,runtime_gnn_pt:edge_cost_model.pt,temporal_model_ACTIVE_plus_geom:temporal_physics_delta_ts.pt,weighted_astar,1.2,0.7,0.30000000000000004
2026-05-19 16:17:48,dynamic_edge_traversal,edge_changed,214,SER_20260519_160958,True,6,5,33,6,1779200265.167808,1779200267.01952,2,1.8517119884490967,6.679998397827148,-4.828286409378052,475340.625,1987.9146728515625,473352.71032714844,0.14953653514385223,0.21147659607071678,0.14953653514385223,296.0,299.0,,,10.505003655875463,False,0.0,False,False,0.5,0.9258559942245483,False,0.0,False,-4.454212188720703,-0.02969994954764843,-4.0338850021362305,-0.025945281609892845,runtime_gnn_pt:edge_cost_model.pt,temporal_model_ACTIVE_plus_geom:temporal_physics_delta_ts.pt,weighted_astar,1.2,0.7,0.30000000000000004
2026-05-19 16:17:54,dynamic_edge_traversal,edge_changed,215,SER_20260519_160958,True,6,5,6,33,1779200268.761962,1779200272.294556,3,3.5325939655303955,6.668078899383545,-3.1354849338531494,1088296.875,1956.2244873046875,1086340.6505126953,0.19796396295229593,0.0983330843938107,0.19796396295229593,291.0,294.0,,,10.012720690194122,False,0.0,False,False,0.0,0.0,False,0.0,False,-3.5786831378936768,-0.014285274781286716,-3.073091506958008,0.1423150599002838,runtime_gnn_pt:edge_cost_model.pt,temporal_model_ACTIVE_plus_geom:temporal_physics_delta_ts.pt,weighted_astar,1.2,0.7,0.30000000000000004
2026-05-19 16:17:55,dynamic_edge_traversal,edge_changed,216,SER_20260519_160958,True,6,5,33,34,1779200274.043936,1779200274.043936,1,0.0,5.700606822967529,-5.700606822967529,0.0,1618.7340087890625,-1618.7340087890625,0.2799290120601654,0.0,0.2799290120601654,290.0,290.0,,,9.42341142862545,False,0.0,False,False,0.0,0.0,False,0.0,False,-3.068540096282959,0.5664920806884766,-3.068540096282959,0.5664920806884766,runtime_gnn_pt:edge_cost_model.pt,temporal_model_ACTIVE_plus_geom:temporal_physics_delta_ts.pt,weighted_astar,1.2,0.7,0.30000000000000004
2026-05-19 16:17:57,dynamic_edge_traversal,edge_changed,217,SER_20260519_160958,True,6,5,34,28,1779200275.751966,1779200275.751966,1,0.0,3.5869252681732178,-3.5869252681732178,0.0,1000.61767578125,-1000.61767578125,0.2892882823944092,0.0,0.2892882823944092,287.0,287.0,,,9.047845514166635,False,0.0,False,False,0.0,0.0,False,0.0,False,-3.0407369136810303,1.172134280204773,-3.0407369136810303,1.172134280204773,runtime_gnn_pt:edge_cost_model.pt,temporal_model_ACTIVE_plus_geom:temporal_physics_delta_ts.pt,weighted_astar,1.2,0.7,0.30000000000000004
2026-05-19 16:18:03,dynamic_edge_traversal,edge_changed,218,SER_20260519_160958,True,6,5,28,29,1779200277.613098,1779200281.130771,3,3.5176730155944824,6.602992057800293,-3.0853190422058105,1111021.875,1919.3033447265625,1109102.5716552734,0.24135721226533255,0.06507920205518898,-0.24135721226533255,294.3333333333333,299.0,,,9.077666989537617,False,0.0,False,False,0.0,0.0,True,1.0,False,-3.1277403831481934,1.352959156036377,-3.783146619796753,1.4545493125915527,runtime_gnn_pt:edge_cost_model.pt,temporal_model_ACTIVE_plus_geom:temporal_physics_delta_ts.pt,weighted_astar,1.2,0.7,0.30000000000000004
2026-05-19 16:18:04,dynamic_edge_traversal,target_reached,219,SER_20260519_160958,True,6,5,29,5,1779200282.989279,1779200284.88064,2,1.8913609981536865,7.617432117462158,-5.726071119308472,540112.5,2142.264892578125,537970.2351074219,0.10997209697961807,0.015341832179602026,-0.10997209697961807,251.5,266.0,,,9.045322105180254,False,0.0,False,False,0.0,0.0,True,1.0,False,-4.3544416427612305,1.4452335834503174,-4.5118727684021,1.443583369255066,runtime_gnn_pt:edge_cost_model.pt,temporal_model_ACTIVE_plus_geom:temporal_physics_delta_ts.pt,weighted_astar,1.2,0.7,0.30000000000000004
2026-05-19 16:18:12,dynamic_edge_traversal,edge_changed,220,SER_20260519_160958,True,5,4,29,5,1779200287.027458,1779200290.8139908,3,3.7865328788757324,7.617432117462158,-3.830899238586426,1091025.0,2142.264892578125,1088882.7351074219,0.14592043062051138,0.14989602128650042,0.14592043062051138,277.6666666666667,299.0,,,9.063823201530568,False,0.0,False,False,0.3333333333333333,1.2621776262919107,True,0.3333333333333333,False,-4.537656307220459,1.4428811073303223,-4.077460765838623,1.4511926174163818,runtime_gnn_pt:edge_cost_model.pt,temporal_model_ACTIVE_plus_geom:temporal_physics_delta_ts.pt,weighted_astar,1.2,0.7,0.30000000000000004
2026-05-19 16:18:16,dynamic_edge_traversal,edge_changed,221,SER_20260519_160958,True,5,4,5,29,1779200292.5878139,1779200294.444942,2,1.8571281433105469,7.864201068878174,-6.007072925567627,611746.875,2185.21484375,609561.66015625,0.19824757426977158,0.14138549137656917,0.19824757426977158,290.0,295.0,,,8.662579280317397,False,0.0,False,False,0.0,0.0,False,0.0,False,-3.4795703887939453,1.4602128267288208,-3.149397134780884,1.4704477787017822,runtime_gnn_pt:edge_cost_model.pt,temporal_model_ACTIVE_plus_geom:temporal_physics_delta_ts.pt,weighted_astar,1.2,0.7,0.30000000000000004
2026-05-19 16:18:29,dynamic_edge_traversal,edge_changed,222,SER_20260519_160958,True,5,4,29,26,1779200296.0821319,1779200307.241909,7,11.159777164459229,7.342645168304443,3.817131996154785,3321309.375,2133.223876953125,3319176.151123047,0.28345393921647755,0.030392975342354578,0.28345393921647755,295.85714285714283,301.0,,,2.3050768882782267,False,0.0,False,False,0.0,0.0,False,0.0,False,-3.028874397277832,1.733232021331787,-3.0925683975219727,4.6914448738098145,runtime_gnn_pt:edge_cost_model.pt,temporal_model_ACTIVE_plus_geom:temporal_physics_delta_ts.pt,weighted_astar,1.2,0.7,0.30000000000000004
2026-05-19 16:18:45,dynamic_edge_traversal,edge_changed,223,SER_20260519_160958,True,5,4,26,25,1779200309.054677,1779200323.353205,9,14.298527956008911,13.86406135559082,0.4344666004180908,4216246.875,3972.968017578125,4212273.906982422,0.2544035464525223,0.0745378778604522,0.2544035464525223,293.22222222222223,301.0,,,1.5600677806159235,False,0.0,False,False,0.0,0.0,False,0.0,False,-3.111809015274048,5.288332462310791,-2.9010508060455322,8.531002044677734,runtime_gnn_pt:edge_cost_model.pt,temporal_model_ACTIVE_plus_geom:temporal_physics_delta_ts.pt,weighted_astar,1.2,0.7,0.30000000000000004
2026-05-19 16:19:05,dynamic_edge_traversal,edge_changed,224,SER_20260519_160958,True,5,4,25,23,1779200325.219079,1779200334.0063832,5,8.787304162979126,12.056227684020996,-3.26892352104187,2210456.25,3449.790283203125,2207006.459716797,0.23772693872451783,0.06677896302811015,0.23772693872451783,295.0,305.0,,,0.14114236831665014,True,0.0,False,True,0.0,0.0,False,0.0,False,-2.6338510513305664,8.593632698059082,-2.66344952583313,10.381067276000977,runtime_gnn_pt:edge_cost_model.pt,temporal_model_ACTIVE_plus_geom:temporal_physics_delta_ts.pt,weighted_astar,1.2,0.7,0.30000000000000004
2026-05-19 16:19:12,dynamic_edge_traversal,edge_changed,225,SER_20260519_160958,True,5,4,23,20,1779200345.600349,1779200350.781773,3,5.181424140930176,11.61013412475586,-6.428709983825684,3763828.125,3322.623291015625,3760505.5017089844,0.14393511911233267,0.14868085752769516,0.14393511911233267,266.3333333333333,287.0,,,0.7046350704263535,False,0.0,False,True,0.3333333333333333,1.7271413803100586,False,0.0,False,-2.6696505546569824,11.15701675415039,-2.7794811725616455,12.339336395263672,runtime_gnn_pt:edge_cost_model.pt,temporal_model_ACTIVE_plus_geom:temporal_physics_delta_ts.pt,weighted_astar,1.2,0.7,0.30000000000000004
